[
  {"idx":1,"fortune":"일상에서 발견하는 작은 행운이 기분을 좋게 만들어 줄 것입니다. 주변 사람들에게도 공유하며 행복을 나눠보세요."},
  {"idx":2,"fortune":"직장이나 학교에서 어려움을 겪을 수 있습니다. 도움을 요청하거나 다른 방식으로 문제를 해결해 보세요."},
  {"idx":3,"fortune":"새로운 취미를 찾아보는 것이 좋을 것 같습니다. 관심있는 분야를 탐색하며 즐거움을 느껴보세요."},
  {"idx":4,"fortune":"경제적인 문제가 있을 수 있습니다. 지출을 조절하고 적절한 저축 계획을 세우세요."},
  {"idx":5,"fortune":"관심 있는 분야의 전문가와의 만남으로 인해 좋은 기회를 얻을 수 있습니다. 함께 나눌 수 있는 시너지를 찾아보세요."},
  {"idx":6,"fortune":"연인과의 관계가 좋아질 것입니다. 함께 즐길 수 있는 외출이나 여행을 계획해 보세요."},
  {"idx":7,"fortune":"오늘은 운동을 통해 에너지를 소모하는 것이 좋습니다. 적당한 신체 활동으로 스트레스를 해소하세요."},
  {"idx":8,"fortune":"오늘은 창의력이 높아질 것이므로, 새로운 아이디어나 프로젝트를 기획해보세요. 이 기회를 놓치지 마세요."},
  {"idx":9,"fortune":"가까운 미래에 지혜롭고 좋은 선택을 해야 할 상황이 올 것입니다. 직감을 믿고 판단력을 발휘하세요."},
  {"idx":10,"fortune":"남들이 보지 못하는 디테일에 주의를 기울이면 좋은 결과를 얻을 수 있습니다. 세심한 태도를 유지하세요."},
  {"idx":11,"fortune":"자기계발에 시간을 투자하는 것이 좋을 것입니다. 책을 읽거나 온라인 강의를 들어보세요."},
  {"idx":12,"fortune":"정신적인 안정을 찾기 위해 명상이나 요가와 같은 활동을 시도해보세요. 마음의 평화를 찾을 수 있습니다."},
  {"idx":13,"fortune":"과거의 경험을 되새겨보며 새로운 시도에 도전하세요. 성공을 거두기 위해 준비를 철저히 하세요."},
  {"idx":14,"fortune":"소통의 기회를 만들어보세요. 가까운 사람들과의 대화를 통해 서로의 이해를 높일 수 있습니다."},
  {"idx":15,"fortune":"새로운 사람들과 만남이 있을 것입니다. 네트워킹을 활용해 인맥을 넓히는 데 도움이 될 것입니다."},
  {"idx":16,"fortune":"적당한 위험을 감수하며 도전하는 것이 중요합니다. 이를 통해 성장의 기회를 얻을 수 있습니다."},
  {"idx":17,"fortune":"도움이 필요한 사람에게 손길을 내밀어 보세요. 이를 통해 좋은 인연을 만들 수 있습니다."},
  {"idx":18,"fortune":"작은 변화를 추구해보세요. 일상에 변화를 주며 긍정적인 변화를 경험할 수 있습니다."},
  {"idx":19,"fortune":"감정의 기복이 있을 수 있습니다. 정신적으로 안정되게 하여 스트레스를 관리하는 것이 중요합니다."},
  {"idx":20,"fortune":"인내심을 가지고 기다리면 좋은 기회가 찾아올 것입니다. 너무 조급해하지 말고 차분한 마음을 유지하세요."},
  {"idx":21,"fortune":"좋은 소식을 전해 듣게 될 것입니다. 기대하지 않던 곳에서 즐거운 일이 발생할 수 있으니 마음을 열어두세요."},
  {"idx":22,"fortune":"자연과 함께하는 시간을 가질 것을 추천합니다. 산책이나 등산 등을 통해 힐링의 시간을 가져보세요."},
  {"idx":23,"fortune":"자신의 감정을 표현하는 것이 중요합니다. 솔직한 마음을 전하며 깊은 대화를 나누는 시간을 가져보세요."},
  {"idx":24,"fortune":"타인의 조언에 귀를 기울이는 것이 좋습니다. 여러 견해를 듣고 자신만의 결론을 도출해보세요. 이를 통해 성장할 수 있습니다."},
  {"idx":25,"fortune":"기존에 하지 않던 일에 도전해 보세요. 새로운 경험을 통해 자신감을 얻을 수 있습니다."},
  {"idx":26,"fortune":"상황에 유연하게 대처하는 것이 중요합니다. 주변 변화를 받아들이며 적응력을 키워보세요."},
  {"idx":27,"fortune":"타인과의 협력을 중요시하며 함께 성장할 수 있는 기회를 찾아보세요."},
  {"idx":28,"fortune":"마음에 무거운 것이 있다면 공간을 정리하며 정리하는 시간을 가져보세요. 청소를 통해 마음도 가벼워질 것입니다."},
  {"idx":29,"fortune":"친구와의 오랜 기억을 회상하며 웃음을 나누세요. 즐거운 추억이 오늘의 기분을 좋게 만들어 줄 것입니다."},
  {"idx":30,"fortune":"기운을 되찾기 위해 좋아하는 음악을 들으며 리프레시해 보세요. 음악의 힘으로 감정을 조절할 수 있습니다."},
  {"idx":31,"fortune":"누군가를 도울 기회가 생길 것입니다. 따뜻한 마음으로 도움을 주며, 보람을 느낄 수 있습니다."},
  {"idx":32,"fortune":"주변 환경을 개선하여 행운을 끌어당기세요. 조화로운 공간을 만들어 긍정적인 에너지를 불러들이세요."},
  {"idx":33,"fortune":"일과 사생활의 균형을 찾는 것이 중요합니다. 명확한 경계를 설정하며 스트레스를 최소화하세요."},
  {"idx":34,"fortune":"팀워크의 중요성을 인지하며, 다른 사람들과의 협동을 즐겨보세요. 이를 통해 좋은 결과를 얻을 수 있습니다."},
  {"idx":35,"fortune":"사소한 것에도 감사한 마음을 가져보세요. 일상의 소중함을 인지하며 행복한 삶을 누릴 수 있습니다."},
  {"idx":36,"fortune":"여행 계획을 세워보세요. 새로운 곳을 탐험하며 에너지를 충전할 수 있습니다."},
  {"idx":37,"fortune":"주변 사람들과의 관계에 시간을 투자하세요. 소중한 인연을 돌보며 따뜻한 마음을 나누세요."},
  {"idx":38,"fortune":"스스로를 격려하며 긍정적인 마음을 가지세요. 자신을 믿고 확신을 가지는 것이 중요합니다."},
  {"idx":39,"fortune":"직장이나 학교에서 칭찬을 받을 수 있는 날입니다. 노력이 인정받아 보람을 느낄 것입니다. 성실한 모습을 보여주세요."},
  {"idx":40,"fortune":"놓쳐버린 물건을 찾게 될 수 있습니다. 정신을 차리고 주변을 둘러보며 주의를 기울이세요."},
  {"idx":41,"fortune":"오래된 친구와 연락이 닿을 것입니다. 그들과의 만남을 통해 지난 추억을 떠올리며 행복해질 수 있습니다."},
  {"idx":42,"fortune":"새로운 취미를 시작하는 것이 좋습니다. 자신의 관심사를 찾아보며 즐거운 시간을 보낼 수 있습니다."},
  {"idx":43,"fortune":"자신의 목표를 재확인하고 계획을 세워보세요. 목표를 향해 한 발짝씩 나아가는 것이 중요합니다."},
  {"idx":44,"fortune":"의외의 재정적 혜택이 생길 수 있습니다. 지혜롭게 사용하며 미래를 대비하는 것이 좋습니다."},
  {"idx":45,"fortune":"용기를 내어 새로운 경험을 시도해보세요. 겁내지 말고 도전하는 마음으로 성장의 발판을 마련하세요."},
  {"idx":46,"fortune":"소중한 추억을 담은 사진을 정리하며 감회에 젖을 수 있습니다. 과거의 소중한 시간을 되새겨보세요."},
  {"idx":47,"fortune":"동료와의 협업으로 좋은 성과를 이룰 수 있습니다. 소통을 중요시하며 서로를 이해하는 데 노력하세요."},
  {"idx":48,"fortune":"긍정적인 사고 방식을 가지고 낙관적인 태도로 일상을 대하면 좋은 일이 생길 것입니다."},
  {"idx":49,"fortune":"고민 중인 일에 대해 주변 사람들의 의견을 구하세요. 다양한 시각을 받아들임으로써 좋은 결론을 도출할 수 있습니다."},
  {"idx":50,"fortune":"소소한 행운이 찾아올 것입니다. 길에서 동전을 주울 수도 있으니 눈을 크게 뜨고 걸어보세요!"},
  {"idx":51,"fortune":"좋아하는 드라마나 영화를 보며 감정을 공감해 보세요. 일상에서 느끼지 못한 감동을 얻을 수 있습니다."},
  {"idx":52,"fortune":"요리를 통해 스트레스를 해소해보세요. 집에서 간단한 레시피를 시도해 보며 새로운 능력을 발견할 수 있습니다."},
  {"idx":53,"fortune":"어려운 문제를 만나더라도 포기하지 말고 도전 정신을 발휘하세요. 결국 해결책을 찾게 되면 더욱 성취감을 느낄 것입니다."},
  {"idx":54,"fortune":"적극적인 태도로 사람들과 소통하며 인맥을 넓혀보세요. 흥미로운 이야기와 유익한 정보를 얻을 수 있습니다."},
  {"idx":55,"fortune":"주말에는 산책이나 운동을 통해 몸과 마음을 건강하게 만들어보세요. 아침 일찍 일어나서 신선한 공기를 마시며 에너지를 얻어보세요."},
  {"idx":56,"fortune":"미루고 있던 일을 처리하는 것이 좋습니다. 조금씩 정리해 나가면서 마음의 짐을 덜어보세요."},
  {"idx":57,"fortune":"오늘은 기분전환을 위해 야외 활동을 계획해보세요. 상쾌한 바람이 기분을 좋게 만들어줄 것입니다."},
  {"idx":58,"fortune":"동료와 협력을 통해 일을 처리하면 더 좋은 결과를 얻을 수 있습니다. 누군가와 손을 잡아보세요."},
  {"idx":59,"fortune":"남에게 도움을 청할 때는 과하지 않은 부탁을 하세요. 상대방의 기분을 존중하면 더 도움을 받을 수 있습니다."},
  {"idx":60,"fortune":"여행 계획을 세워보세요. 마음에 안식처를 찾아 힐링할 수 있는 시간이 될 것입니다."},
  {"idx":61,"fortune":"기회가 찾아올 때, 과감하게 도전하세요. 실패를 겪더라도 그 경험은 당신의 발전을 도울 것입니다."},
  {"idx":62,"fortune":"오늘은 느긋한 마음으로 하루를 시작하세요. 일상의 소중함을 느낄 수 있는 날입니다. 가까운 공원이나 카페에서 시간을 보낼 수 있어요."},
  {"idx":63,"fortune":"만날 사람들에게 행운이 가득 찬 인사를 건네보세요. 긍정적인 에너지가 넘쳐나는 인연이 생길 수 있습니다."},
  {"idx":64,"fortune":"창의적인 아이디어가 떠오를 수 있어요. 이를 실현하는데 시간을 투자해보세요. 성공할 가능성이 높습니다."},
  {"idx":65,"fortune":"오늘은 주변 사람들과 소통에 힘쓰세요. 서로의 마음을 나누는 시간이 중요합니다. 소중한 인연을 더 깊게 만들 수 있어요."},
  {"idx":66,"fortune":"알게 모르게 도움이 필요한 사람이 있을 수 있습니다. 소소한 도움을 주며 따뜻한 인간미를 발휘하세요."},
  {"idx":67,"fortune":"영화나 음악감상을 통해 감성을 채워보세요. 새로운 감동이 기다리고 있을 것입니다."},
  {"idx":68,"fortune":"부지런한 태도로 업무를 처리하면 원만한 결과를 얻을 수 있어요. 미루지 말고 바로 시작해 보세요."},
  {"idx":69,"fortune":"오늘의 저녁 식사는 특별하게 준비해보세요. 특별한 음식을 즐기며 하루를 마무리하는 기분 좋은 시간이 될 것입니다."},
  {"idx":70,"fortune":"운동을 통해 스트레스를 풀어보세요. 몸과 마음을 깨끗하게 하는 시간이 힐링이 될 것입니다."},
  {"idx":71,"fortune":"오늘은 어떤 모임에 참석할 기회가 생길 수 있어요. 새로운 사람들과의 만남에서 좋은 인연이 시작될 것입니다."},
  {"idx":72,"fortune":"휴대폰을 좀 더 적극적으로 활용해보세요. 유용한 앱이나 정보를 발견할 수 있을 것입니다."},
  {"idx":73,"fortune":"과거에 투자한 일이 이제 결실을 맺을 시기입니다. 원래보다 더 큰 성공을 거둘 수 있어요."},
  {"idx":74,"fortune":"사랑하는 사람과 함께 특별한 시간을 보낼 수 있어요. 소소한 이벤트를 준비해서 서로에게 행복을 선물하세요."},
  {"idx":75,"fortune":"집안일이나 정리정돈을 통해 개운한 기운을 느낄 수 있습니다. 환경을 깨끗하게 정돈하며 에너지를 충전하세요."},
  {"idx":76,"fortune":"독서를 통해 새로운 지식을 얻을 수 있는 날입니다. 흥미로운 책을 선택하여 힐링하는 시간을 가져보세요."},
  {"idx":77,"fortune":"건강에 신경을 써야 하는 날입니다. 충분한 수면과 균형 잡힌 식사를 통해 건강을 유지하세요."},
  {"idx":78,"fortune":"창문을 열고 실외 공기를 들여보낼 때, 기운이 좋아지는 것을 느낄 수 있습니다. 상쾌한 기운으로 하루를 시작하세요."},
  {"idx":79,"fortune":"오늘은 창의력이 높은 날입니다. 아이디어를 풍성하게 펼쳐보세요. 작은 아이디어가 큰 성공으로 이어질 수 있어요."},
  {"idx":80,"fortune":"소통의 기회가 많이 생길 것입니다. 친구나 동료와 이야기를 나누면서 서로에게 도움이 되는 정보를 얻을 수 있습니다."},
  {"idx":81,"fortune":"요즘 미루고 있는 일을 시작하기 좋은 날입니다. 도전하면 좋은 결과를 얻을 수 있습니다."},
  {"idx":82,"fortune":"영화나 공연을 관람하면 새로운 영감을 얻을 수 있습니다. 예술적인 취향을 만족시키는 시간을 가져보세요."},
  {"idx":83,"fortune":"다양한 사람들과 만남을 가질 수 있는 날입니다. 네트워킹을 통해 인맥을 넓혀보세요."},
  {"idx":84,"fortune":"꽃을 선물받거나 직접 사서 집에 놓으면 행운이 따를 것입니다. 풍요롭고 아름다운 에너지를 느낄 수 있어요."},
  {"idx":85,"fortune":"운동을 통해 스트레스를 풀어보세요. 체력을 키우면 건강과 기분이 좋아질 것입니다."},
  {"idx":86,"fortune":"오늘은 조용한 공간에서 명상을 해보는 것이 좋습니다. 마음의 안정을 찾을 수 있어요."},
  {"idx":87,"fortune":"사소한 일에 감사하는 마음을 가져보세요. 긍정적인 에너지가 증폭될 것입니다."},
  {"idx":88,"fortune":"취미를 즐기는 시간을 가져보세요. 잠시 일상에서 벗어나 리프레시 할 수 있는 기회가 될 것입니다."},
  {"idx":89,"fortune":"커리어 관련 멘토를 만나는 데 좋은 날입니다. 경험이 풍부한 사람의 조언을 듣고 성장할 기회가 생깁니다. 성심껏 귀 기울여 보세요."},
  {"idx":90,"fortune":"오늘은 음식에 조금 더 신경 써보세요. 건강한 식단을 선택하면 건강에 좋은 영향을 미칠 것입니다. 가벼운 스낵을 준비해보세요."},
  {"idx":91,"fortune":"직장이나 학교에서 팀 프로젝트가 생길 수 있습니다. 리더십을 발휘하며 팀원들과 원활하게 협력할 수 있는 기회가 될 것입니다."},
  {"idx":92,"fortune":"오늘은 좋은 꿈을 꾸는 날입니다. 꿈 속에서 힌트를 얻거나 부정적인 감정을 정리할 수 있습니다. 조용한 잠자리를 준비해보세요."},
  {"idx":93,"fortune":"오늘은 금전적인 투자를 조심하셔야 합니다. 무턱대고 들어가지 말고 자세한 조사와 정보 수집을 꼭 해보세요."},
  {"idx":94,"fortune":"친구와의 관계를 더 깊게 만들 수 있는 날입니다. 소중한 친구에게 선물을 준비하거나 진심어린 마음을 전해보세요."},
  {"idx":95,"fortune":"자연을 즐기는 것이 좋아요. 산책이나 조깅을 통해 신선한 공기를 마시며 에너지를 충전할 수 있습니다."},
  {"idx":96,"fortune":"오늘은 집안일을 처리하기 좋은 날입니다. 정리 정돈을 통해 삶의 질을 높일 수 있으며, 활력을 되찾을 수 있습니다."},
  {"idx":97,"fortune":"옷장 정리를 해보세요. 오랜만에 옷을 정리하면서 자신에게 어울리는 스타일을 찾아보는 것도 좋을 것입니다."},
  {"idx":98,"fortune":"이른 아침에 일어나 명상을 해보세요. 마음의 안정을 찾고 하루를 기분 좋게 시작할 수 있습니다. 향초나 아로마 오일을 사용해보세요."},
  {"idx":99,"fortune":"오늘은 창의력이 높은 날입니다. 예술 작품을 감상하거나 새로운 아이디어를 구상해 보세요. 영감을 얻을 수 있습니다."},
  {"idx":100,"fortune":"동료나 친구와의 의견 차이가 발생할 수 있어요. 서로의 입장을 이해하려 노력하면 원만한 해결책을 찾을 수 있습니다."},
  {"idx":101,"fortune":"오늘은 남에게 도움을 주는 날입니다. 주변 사람들에게 작은 도움을 주면 기쁨을 느낄 수 있고, 운이 따를 것입니다."},
  {"idx":102,"fortune":"노래를 부르거나 음악을 감상하는 것이 좋아요. 음악을 통해 기분전환을 할 수 있으며 긍정적인 에너지를 얻을 수 있습니다."},
  {"idx":103,"fortune":"오늘은 자기계발을 위한 시간을 가져보세요. 책을 읽거나 온라인 강좌를 들으며 지식을 쌓는 것이 도움이 됩니다."},
  {"idx":104,"fortune":"친환경 제품에 관심을 가져보세요. 지구를 생각하는 소비습관을 기르는 것이 오늘의 운세에 도움이 됩니다."},
  {"idx":105,"fortune":"작은 이벤트에 참여해 볼 기회가 있을 수 있어요. 적극적으로 참여하면 즐거운 경험과 소중한 인연을 만날 수 있습니다."},
  {"idx":106,"fortune":"맛있는 디저트를 먹어보세요. 달콤한 음식이 기분을 좋게 만들어주고 긍정적인 에너지를 불러일으킵니다."},
  {"idx":107,"fortune":"오늘의 복권을 한 번 시도해 보세요. 작은 용돈 정도는 벌어볼 수 있을 것 같습니다. 행운이 따를지도 모릅니다."},
  {"idx":108,"fortune":"오늘은 작은 행운이 따르는 날이에요. 길거리에서 흔들리는 나무잎에 행운이 숨어 있을지도 모릅니다. 주변을 잘 살펴보세요."},
  {"idx":109,"fortune":"오늘은 작은 선물을 받을 수 있는 날입니다. 받은 선물로 인해 미소를 짓게 되며, 좋은 기억을 간직하게 됩니다."},
  {"idx":110,"fortune":"오늘은 사소한 일에 감사할 수 있는 기회가 생깁니다. 주변 사람들과의 관계가 더 따뜻해질 것입니다. 하지만 너무 빠르게 판단하지 않도록 주의하세요."},
  {"idx":111,"fortune":"친구와의 약속이 생길 수 있습니다. 친구와의 만남으로 즐거운 시간을 보낼 수 있으며, 새로운 인맥도 확장할 수 있습니다."},
  {"idx":112,"fortune":"대중교통을 이용할 때 조금 더 주의하세요. 분실물이나 불편한 상황이 발생할 수 있습니다."},
  {"idx":113,"fortune":"오늘은 긍정적인 에너지를 느낄 수 있는 날입니다. 기회를 잡아 인생의 방향을 재고해보면 좋은 변화가 생길 것입니다."},
  {"idx":114,"fortune":"누군가에게 작은 선물을 주는 것이 좋은 영향을 미칩니다. 마음을 전할 수 있는 선물로 상대방의 기분을 좋게 해주세요."},
  {"idx":115,"fortune":"직장이나 학교에서 경쟁이 치열해질 수 있습니다. 스스로를 믿고 노력하면 좋은 결과를 이룰 수 있습니다."},
  {"idx":116,"fortune":"오늘은 옷차림에 신경 써보세요. 깔끔한 스타일로 자신감을 얻고, 주변 사람들에게 좋은 인상을 남길 수 있습니다."},
  {"idx":117,"fortune":"깊이 생각하지 않고 가벼운 마음으로 즐길 수 있는 여행이 좋은 기회가 될 것입니다. 여행지에서 새로운 경험을 쌓아보세요."},
  {"idx":118,"fortune":"오늘은 주변에서 들리는 조언에 귀 기울여보세요. 조언을 따르면 놀라운 효과를 볼 수 있습니다."},
  {"idx":119,"fortune":"소통능력이 높아지는 날입니다. 사람들과의 대화에서 좋은 아이디어를 얻을 수 있으며, 자신의 의견도 잘 전달할 수 있습니다. "},
  {"idx":120,"fortune":"예상치 못한 소식을 듣게 될 수 있습니다. 긍정적으로 생각하고 대처하면 더 나은 결과를 얻을 수 있습니다. 유연성을 가지세요."},
  {"idx":121,"fortune":"자신의 취향을 되돌아보는 기회가 생깁니다. 새로운 취미를 찾거나 옛날 좋아했던 것들을 다시 시작해보세요."},
  {"idx":122,"fortune":"금전적인 부분에서 신중함이 필요한 날입니다. 지출을 잘 관리하고 불필요한 지출은 피하세요. 미래를 위해 저축하는 습관을 기르세요."},
  {"idx":123,"fortune":"자신의 감정을 잘 표현하는 것이 좋습니다. 소중한 사람들에게 진심을 전달하면 서로의 관계가 더 좋아질 것입니다."},
  {"idx":124,"fortune":"긍정적인 생각과 마음으로 오늘을 시작하면, 예상치 못한 기회가 찾아올지도 모릅니다. 친구와 함께 식사를 하면 기분전환이 될 수 있어요."},
  {"idx":125,"fortune":"새로운 계획을 세우는 것보다 이전에 했던 것을 더 발전시키는 것이 좋은 결과를 가져올 수 있습니다."},
  {"idx":126,"fortune":"조금 더 참을성을 가지고 노력하면, 큰 성과를 얻을 수 있을 것 같습니다. 하지만 서두르지 않는 것이 중요합니다."},
  {"idx":127,"fortune":"오늘은 상대방의 눈치를 살피는 것이 중요해요. 상황판단을 잘하고, 상대방의 의견을 잘 들어보세요."},
  {"idx":128,"fortune":"우연히 만난 사람과의 대화가 당신의 새로운 아이디어를 가져올 수 있습니다. 마음을 열어두세요."},
  {"idx":129,"fortune":"오늘은 자연과 함께하는 시간이 필요할 것 같아요. 산책을 하거나, 근처 공원에서 시간을 보내보세요."},
  {"idx":130,"fortune":"예상치 못한 금전적인 이득이 생길 수 있습니다. 하지만 돈으로만 살아갈 수는 없으니, 목표와 가치를 재확인해보세요."},
  {"idx":131,"fortune":"오늘은 신체적인 불쾌감이 들 수 있습니다. 습관적인 운동과 식습관 개선으로 건강을 유지해보세요."},
  {"idx":132,"fortune":"오늘은 자신의 인기와 매력력이 높아질 수 있는 날입니다. 이를 기회로 새로운 사람들을 만나보세요."},
  {"idx":133,"fortune":"오늘은 돈과 관련된 좋은 소식이 들릴 수 있습니다. 하지만 지나치게 소비하지 않도록 주의해보세요."},
  {"idx":134,"fortune":"직장이나 학교에서 성공적인 결과를 얻을 수 있는 기회가 올 수 있습니다. 노력을 아끼지 말고 최선을 다하세요."},
  {"idx":135,"fortune":"좋은 소식을 들을 수 있는 날입니다. 주변 사람들로부터 칭찬이나 격려를 받을 수 있을 것입니다."},
  {"idx":136,"fortune":"기술적인 문제에 직면할 수 있어요. 문제를 해결하는 데 필요한 도구나 지식을 찾아보세요."},
  {"idx":137,"fortune":"현명한 소비 습관을 기르는 것이 중요합니다. 오늘은 지출을 절제하고 금전 관리에 신경 써보세요."},
  {"idx":138,"fortune":"기억에 남는 꿈을 꾸게 될 수도 있어요. 꿈에서 얻은 정보나 메시지를 유념해두세요."},
  {"idx":139,"fortune":"오늘은 업무에서 예상치 못한 기회가 생길 수 있어요. 기회를 잘 활용하면 성공의 발판이 될 것입니다."},
  {"idx":140,"fortune":"커피숍이나 식당에서 새로운 메뉴를 시도해 보세요. 의외의 맛있는 발견이 기다릴 수 있습니다."},
  {"idx":141,"fortune":"무리하지 않고 자신의 속도로 일을 처리하세요. 지금은 천천히 그리고 꾸준히 하는 것이 중요합니다."},
  {"idx":142,"fortune":"기존에 진행 중이던 프로젝트에서 긍정적인 결과를 얻을 수 있어요. 끝까지 열심히 해보세요. 성공이 기다리고 있습니다."},
  {"idx":143,"fortune":"이메일이나 문자 메시지를 꼼꼼히 확인하세요. 중요한 소식이 있을 수 있으니 놓치지 않도록 주의해주세요."},
  {"idx":144,"fortune":"오늘은 무거운 음식보다 가벼운 식사를 선호할 것 같아요. 샐러드나 과일을 먹으면 몸과 마음에 좋을 것입니다."},
  {"idx":145,"fortune":"작은 성취감을 느끼는 일이 있을 것 같아요. 자신의 노력에 대한 보상을 받을 수 있는 기회입니다. 기쁨을 느껴보세요."},
  {"idx":146,"fortune":"일상에서 깨닫지 못한 문제에 대한 해결책을 찾을 수 있어요. 눈 앞의 일에만 집중하지 말고 주변을 넓게 관찰하세요."},
  {"idx":147,"fortune":"오늘은 결정을 내리기 좋은 날입니다. 망설이던 일에 대해 고민을 끝내고 실행에 옮겨보세요. 좋은 결과가 기다리고 있을 것입니다."},
  {"idx":148,"fortune":"사소한 것에서 영감을 얻을 수 있는 날이에요. 주변의 아름다운 것들에 눈길을 주세요. 기분전환에 도움이 될 것입니다."},
  {"idx":149,"fortune":"오늘은 과거의 일에 대해 회고할 기회가 될 수 있어요. 지난 경험에서 배운 것들을 새로운 상황에 적용해보세요."},
  {"idx":150,"fortune":"스마트폰 사용 시간을 줄여보세요. 오늘은 디지털 디톡스를 실천하는 것이 마음의 평온함을 찾는 데 도움이 될 것입니다."},
  {"idx":151,"fortune":"직장이나 사업에서의 성과가 금전적인 보상으로 이어질 수 있습니다. 그러나 자만하지 말고 목표에 대한 노력을 계속해야 합니다."},
  {"idx":152,"fortune":"계획하지 않은 지출이 발생할 수 있습니다. 미리 예비자금을 마련해두면 도움이 됩니다."},
  {"idx":153,"fortune":"오늘은 구매욕을 절제하는 것이 좋습니다. 필요한 물건만 구매하여 불필요한 지출을 줄이세요."},
  {"idx":154,"fortune":"가족이나 친구에게 금전적인 도움을 요청받을 수 있습니다. 도와주되, 자신의 경제 상황을 고려하여 결정하세요."},
  {"idx":155,"fortune":"신중한 소비를 통해 경제적 안정을 찾을 수 있는 날입니다. 가성비 좋은 상품을 찾아 구매하면 금전적 이익을 얻을 수 있습니다."},
  {"idx":156,"fortune":"오늘은 절약을 실천하는 것이 좋습니다. 물건을 사기 전에 정말 필요한지 고민하고, 비싼 물건 대신 합리적인 가격의 물건을 찾아보세요."},
  {"idx":157,"fortune":"금전 운이 좋지 않은 날이므로 높은 금액을 거래하는 것을 피하고, 소액의 거래만 진행하세요. 내일 다시 기회를 찾아보세요."},
  {"idx":158,"fortune":"소중한 사람들과의 만남이 기다리고 있습니다. 웃음과 즐거움을 나누며 행복한 추억을 쌓아보세요. 녹색의 옷을 입으면 행운이 찾아올 것입니다."},
  {"idx":159,"fortune":"주변에 주목받는 일이 생길 수 있습니다. 하지만 자신의 말을 신중하게 선택하고 주의하세요. 오래된 진주 악세사리가 좋은 운을 가져다줄 수 있습니다."},
  {"idx":160,"fortune":"오늘 하루는 예상치 못한 변화가 일어날 수 있습니다. 기회를 놓치지 않도록 주의하세요. 운을 높여주는 보라색을 입고 다니는 것도 좋은 방법입니다."},
  {"idx":161,"fortune":"작은 선행이 큰 행운으로 돌아올 수 있는 날입니다. 주변 사람들에게 친절을 베푸세요. 분홍색 소품을 가지고 다니면 긍정적인 기운이 강해질 것입니다."},
  {"idx":162,"fortune":"새로운 취미나 관심사를 탐색하는 것이 좋은 날입니다. 새로운 것을 배우며 자기개발에 투자하세요. 파란색이 오늘의 행운색입니다."},
  {"idx":163,"fortune":"규칙적인 생활습관이 중요한 하루입니다. 규칙적인 운동과 건강한 식습관을 유지하면서 몸과 마음의 안정을 찾으세요."},
  {"idx":164,"fortune":"긍정적인 사고방식이 중요한 날입니다. 어려움이 닥쳐도 긍정의 힘으로 극복할 수 있습니다. 노란색 아이템이 긍정적인 에너지를 더해줄 것입니다."},
  {"idx":165,"fortune":"가까운 사람과의 대화에서 소중한 조언을 얻을 수 있는 날입니다. 열린 마음으로 다양한 의견을 경청하세요."},
  {"idx":166,"fortune":"오늘은 자신만의 시간을 가져보세요. 취미 생활이나 독서를 통해 마음의 여유를 찾는 것이 좋습니다. 흰색이 오늘의 편안함을 더해줄 색상입니다."},
  {"idx":167,"fortune":"집중력이 요구되는 일이 생길 수 있습니다. 중요한 일에 집중하고, 산만함을 피해야 성과를 낼 수 있습니다. 검은색이 집중력을 높여줄 것입니다."},
  {"idx":168,"fortune":"가벼운 여행이나 산책을 통해 새로운 영감을 받을 수 있는 날입니다. 자연 속에서 휴식을 취하며 마음을 재충전하세요."},
  {"idx":169,"fortune":"오늘은 주변 사람들과의 원활한 소통이 중요한 날입니다. 말보다는 경청을 통해 상대방의 의견을 이해하려 노력하세요."},
  {"idx":170,"fortune":"감정의 기복이 심할 수 있는 날이니, 마음의 평정을 유지하는 것이 중요합니다. 명상이나 요가를 통해 내면의 평화를 찾으세요."},
  {"idx":171,"fortune":"오늘은 기대하지 않았던 곳에서 좋은 소식을 들을 수 있습니다. 소셜 미디어나 이메일을 주의 깊게 확인하세요."},
  {"idx":172,"fortune":"창의력이 요구되는 작업에 좋은 날입니다. 예술적인 활동이나 창작에 몰두해 보세요. 오렌지색이 창의적인 영감을 불어넣어 줄 것입니다."},
  {"idx":173,"fortune":"사소한 오해로 인한 갈등이 생길 수 있으니, 의사소통에 더욱 신경 써야 하는 날입니다. 말하기 전에 한 번 더 생각하는 습관이 중요합니다."},
  {"idx":174,"fortune":"오늘은 예기치 않은 곳에서 금전적 이익을 얻을 수 있는 날입니다. 갑작스러운 제안이나 기회에 주목하세요."},
  {"idx":175,"fortune":"소규모 투자에서 좋은 결과를 기대할 수 있는 날입니다. 하지만 너무 큰 기대는 금물이니 조심스럽게 접근하세요."},
  {"idx":176,"fortune":"친구나 동료와의 금전적 거래는 신중하게 처리하세요. 오해의 소지가 있을 수 있으니 명확한 계약을 준비하는 것이 좋습니다."},
  {"idx":177,"fortune":"오늘은 기존에 보유하고 있던 물건이나 자산의 가치가 상승하는 날입니다. 잠재적인 매수자와의 대화를 열어두세요."},
  {"idx":178,"fortune":"개인적인 취미나 흥미에서 금전적 이익을 찾을 수 있는 기회가 있습니다. 새로운 아이디어에 열린 마음을 가지세요."},
  {"idx":179,"fortune":"자산 관리에 대해 전문가의 조언을 구하는 것이 유익한 날입니다. 장기적인 금융 계획을 세우는 데 도움이 될 것입니다."},
  {"idx":180,"fortune":"지출을 최소화하고 저축을 늘리는 것이 오늘의 최우선 과제입니다. 불필요한 지출을 피하고 재정적 안정을 추구하세요."},
  {"idx":181,"fortune":"사업이나 투자에 있어서 새로운 파트너십을 고려할 수 있는 날입니다. 호환되는 이해관계자와의 만남이 중요합니다."},
  {"idx":182,"fortune":"금전적으로 힘든 상황이 발생할 수 있으니 비상금을 준비하세요. 미리 대비하는 것이 나중의 어려움을 피하는 데 도움이 됩니다."},
  {"idx":183,"fortune":"자신만의 재정적 목표를 설정하고, 그것을 달성하기 위한 구체적인 계획을 세우는 것이 중요한 날입니다."},
  {"idx":184,"fortune":"오래된 빚이나 청구서를 정리하는 것에 집중하세요. 재정적인 문제를 해결함으로써 더 큰 안정을 얻을 수 있습니다."},
  {"idx":185,"fortune":"작은 금액이라도 저축하는 습관을 들이는 것이 중요합니다. 오늘의 작은 저축이 미래의 큰 자산이 될 수 있습니다."},
  {"idx":186,"fortune":"금전적인 문제로 인해 스트레스를 받을 수 있으니, 건강한 생활 습관을 유지하고 휴식을 취하는 것이 중요합니다."},
  {"idx":187,"fortune":"당신의 재정 상태를 다시 평가하고, 필요한 경우 지출을 재조정하세요. 경제적으로 현명한 결정을 내리는 것이 중요합니다."},
  {"idx":188,"fortune":"온라인 쇼핑 시 할인 코드나 캐시백 오퍼를 적극 활용하세요. 작은 절약이 모여 큰 금전적 이득으로 이어집니다."},
  {"idx":189,"fortune":"오늘은 투자에 대한 깊은 연구와 분석이 필요한 날입니다. 장기적인 관점에서 안정적인 수익을 가져올 수 있는 기회를 찾으세요."},
  {"idx":190,"fortune":"갑작스러운 지출이 예상됩니다. 하지만 이를 통해 더 큰 금전적 이득이나 절약의 기회를 발견할 수 있을 것입니다."},
  {"idx":191,"fortune":"이웃이나 지역 사회에서 소소한 금전적 도움을 줄 기회가 있습니다. 작은 선행이 결국 당신에게 긍정적인 에너지로 돌아올 것입니다."},
  {"idx":192,"fortune":"금전적인 기회가 당신을 찾아오지만, 섣부른 결정은 피하세요. 모든 제안을 신중히 고려하고 전문가의 조언을 구하는 것이 현명합니다."},
  {"idx":193,"fortune":"직장에서의 성과가 인정받아 금전적 보상이 따를 수 있습니다. 하지만 겸손을 유지하며 동료들과의 좋은 관계를 지키세요."},
  {"idx":194,"fortune":"오늘은 과도한 쇼핑을 피해야 하는 날입니다. 욕구에 휘둘리기보다는 필요한 것만 구매하여 금전적 안정을 유지하세요."},
  {"idx":195,"fortune":"친구나 가족과의 경제적인 문제로 의견 충돌이 생길 수 있습니다. 이성적이고 침착하게 대화를 이어가는 것이 중요합니다."},
  {"idx":196,"fortune":"금전적인 계획을 세울 때 현실적인 목표를 설정하세요. 너무 야심찬 목표는 오히려 당신을 좌절시킬 수 있습니다."},
  {"idx":197,"fortune":"재테크에 관심을 가지고 새로운 정보를 수집하는 것이 유익한 날입니다. 다양한 자료를 참고하여 현명한 결정을 내리세요."},
  {"idx":198,"fortune":"작은 금액이라도 꾸준히 투자하는 습관을 기르세요. 장기적으로는 큰 수익을 가져올 수 있는 기반이 될 것입니다."},
  {"idx":199,"fortune":"금전적인 안정을 위해서는 장기적인 저축과 투자 계획이 필요합니다. 오늘 그 계획을 점검하고 필요한 조정을 하세요."},
  {"idx":200,"fortune":"금전적인 문제로 인한 스트레스를 경감하기 위해 건강하게 식습관을 유지하고 규칙적인 운동을 하세요."},
  {"idx":201,"fortune":"가까운 미래에 금전적인 문제가 해결될 기미가 보입니다. 현재의 어려움을 인내하며 긍정적인 태도를 유지하세요."},
  {"idx":202,"fortune":"당신의 매력이 빛나는 날입니다. 새로운 만남이나 관계에서 긍정적인 신호를 기대할 수 있습니다."},
  {"idx":203,"fortune":"소중한 사람과의 대화에서 깊은 이해와 연결을 경험할 수 있는 날입니다. 솔직한 마음을 나누세요."},
  {"idx":204,"fortune":"오늘은 감정을 솔직하게 표현하는 것이 중요합니다. 당신의 진심이 상대방에게도 잘 전달될 것입니다."},
  {"idx":205,"fortune":"소소한 일상을 함께하는 것만으로도 큰 행복을 느낄 수 있는 날입니다. 사랑하는 사람과의 시간을 소중히 여기세요."},
  {"idx":206,"fortune":"오늘 당신의 작은 배려와 관심이 파트너에게 큰 기쁨을 줄 수 있습니다. 상대방을 위한 뜻밖의 서프라이즈를 준비해보세요."},
  {"idx":207,"fortune":"오해나 갈등이 생길 수 있는 날입니다. 하지만 진정한 소통과 이해로 관계를 더욱 깊게 만들 수 있는 기회입니다."},
  {"idx":208,"fortune":"직감을 믿으세요. 당신의 직감이 연애에 있어서 올바른 방향을 제시해 줄 것입니다."},
  {"idx":209,"fortune":"오늘은 주변 사람들과의 관계에서 긍정적인 에너지가 넘칩니다. 친구로부터 소개받은 새로운 만남에 주목하세요."},
  {"idx":210,"fortune":"사랑하는 사람과의 관계에서 작은 노력이 큰 변화를 가져옵니다. 상대방을 위한 특별한 준비가 행복한 결과를 만들어낼 것입니다."},
  {"idx":211,"fortune":"당신의 연애운이 상승하는 날입니다. 적극적인 태도가 좋은 인연을 만들어 낼 수 있습니다."},
  {"idx":212,"fortune":"파트너와의 소통에서 오해를 피하기 위해 말보다는 행동으로 사랑을 표현하는 것이 중요한 날입니다."},
  {"idx":213,"fortune":"오늘은 새로운 사람들을 만나는 것에 열려 있어야 합니다. 당신의 사회적 활동이 연애운을 높여줄 것입니다."},
  {"idx":214,"fortune":"당신의 매력이 최고조에 이르는 날입니다. 자신감을 가지고 대인 관계에 임하세요."},
  {"idx":215,"fortune":"가까운 미래에 중요한 연애 관련 결정을 내려야 할 수 있습니다. 마음의 준비를 하세요."},
  {"idx":216,"fortune":"오늘 당신의 사랑은 상대방에게 큰 위안과 행복을 줍니다. 사랑을 아낌없이 주세요."},
  {"idx":217,"fortune":"소중한 사람과의 관계를 더욱 발전시킬 수 있는 좋은 기회가 있습니다. 함께 시간을 보내며 깊은 대화를 나누세요."},
  {"idx":218,"fortune":"당신의 애정운이 고조되며, 따뜻한 감정이 가득한 하루를 보낼 수 있습니다. 사랑하는 사람과의 대화에서 진심을 전하세요."},
  {"idx":219,"fortune":"오늘은 사랑하는 사람과의 관계에서 소중한 순간들을 만들어갈 수 있는 날입니다. 작은 선물이나 메시지로 마음을 표현해 보세요."},
  {"idx":220,"fortune":"파트너와의 데이트 계획이 특별한 추억을 만드는 데 도움이 될 것입니다. 서로의 관심사에 맞는 활동을 선택해 보세요."},
  {"idx":221,"fortune":"사랑하는 사람과의 소통에 있어서 진실된 마음이 중요한 역할을 합니다. 당신의 진심이 상대방에게도 잘 전달되길 바랍니다."},
  {"idx":222,"fortune":"감정의 소용돌이 속에서도 사랑하는 사람과의 깊은 유대감을 느낄 수 있습니다. 서로에 대한 신뢰를 굳건히 하세요."},
  {"idx":223,"fortune":"오늘 당신의 사랑은 더욱 깊어질 것입니다. 파트너와의 깊은 대화를 통해 서로의 이해를 높여보세요."},
  {"idx":224,"fortune":"사랑하는 사람과의 작은 오해가 발생할 수 있습니다. 상대방의 말을 경청하고, 마음에서 우러나오는 이해로 다가가세요."},
  {"idx":225,"fortune":"애정운이 상승하는 날입니다. 당신이 발산하는 긍정적인 에너지가 사랑하는 사람에게도 좋은 영향을 줄 것입니다."},
  {"idx":226,"fortune":"소중한 사람과 함께할 때 당신의 마음이 가장 평온해집니다. 오늘은 서로의 존재만으로도 큰 행복을 느낄 수 있는 시간을 보내세요."},
  {"idx":227,"fortune":"때로는 사랑하는 사람을 위해 작은 희생이 필요할 수 있습니다. 오늘의 노력이 두 사람의 관계를 더욱 돈독히 할 것입니다."},
  {"idx":228,"fortune":"가까운 미래에 사랑하는 사람과의 관계에서 중요한 전환점이 있을 것입니다. 마음을 열고 변화를 수용하는 태도가 중요합니다."},
  {"idx":229,"fortune":"당신의 마음을 사로잡는 특별한 만남이 기다리고 있습니다. 새로운 사람에게도 마음의 문을 열어두세요."},
  {"idx":230,"fortune":"사랑하는 사람과의 소중한 추억을 만들기 위한 완벽한 기회입니다. 함께 새로운 경험을 하는 것이 좋은 추억이 될 것입니다."},
  {"idx":231,"fortune":"사랑에 있어서 소소한 갈등이 생길 수 있지만, 이를 통해 서로를 더욱 깊이 이해하게 될 것입니다."},
  {"idx":232,"fortune":"당신의 애정운이 조금씩 상승하고 있습니다. 평소보다 조금 더 적극적인 태도로 접근하면 좋은 결과가 있을 것입니다."},
  {"idx":233,"fortune":"사랑하는 사람과의 소통이 원활해지는 날입니다. 서로의 마음을 터놓고 이야기하는 시간을 가져보세요."},
  {"idx":234,"fortune":"오늘은 파트너와의 데이트에 조금 더 신경을 쓰세요. 특별한 장소나 활동을 준비하면 둘 사이의 애정이 더욱 깊어질 것입니다."},
  {"idx":235,"fortune":"당신의 매력이 평소보다 더욱 빛나는 날입니다. 새로운 사람을 만날 기회가 있으니 자신감을 가지고 임하세요."},
  {"idx":236,"fortune":"가까운 사람과의 갈등이 예상됩니다. 하지만 진정한 소통과 이해로 이겨낼 수 있으니, 마음을 열고 대화하세요."},
  {"idx":237,"fortune":"애정운이 다소 불안정할 수 있으니, 파트너와의 관계에 너무 큰 기대를 하지 않는 것이 좋습니다. 차분한 태도를 유지하세요."},
  {"idx":238,"fortune":"오늘은 사랑하는 사람과의 추억을 쌓기 좋은 날입니다. 함께할 수 있는 특별한 활동을 계획해 보세요."},
  {"idx":239,"fortune":"파트너와의 소소한 불화가 있을 수 있으나, 서로를 위한 마음만 있다면 쉽게 해결될 것입니다. 이해심을 가지세요."},
  {"idx":240,"fortune":"오늘 당신의 사랑이 깊어지며, 파트너와의 관계가 한층 더 돈독해질 것입니다. 소중한 시간을 함께 보내세요."},
  {"idx":241,"fortune":"새로운 사랑의 시작을 암시하는 날입니다. 마음이 끌리는 사람이 있다면 용기를 내어 다가가 보세요."},
  {"idx":242,"fortune":"당신의 솔직한 마음이 사랑하는 사람에게 긍정적인 영향을 줄 것입니다. 마음을 터놓고 이야기하는 시간을 가지세요."},
  {"idx":243,"fortune":"애정 문제로 인한 스트레스가 예상되지만, 이를 통해 더욱 성숙한 사랑을 배울 수 있을 것입니다. 긍정적인 변화를 기대하세요."},
  {"idx":244,"fortune":"오늘은 파트너와의 관계에서 중요한 대화가 이루어질 수 있습니다. 서로의 생각과 감정을 솔직히 나누는 것이 중요합니다."},
  {"idx":245,"fortune":"사랑하는 사람과의 관계에서 작은 서프라이즈가 큰 기쁨을 줄 수 있습니다. 사랑의 마음을 담은 선물을 준비해 보세요."},
  {"idx":246,"fortune":"오늘 당신의 애정운이 매우 좋습니다. 사랑하는 사람과의 관계에서 큰 진전이 있을 것으로 보입니다."},
  {"idx":247,"fortune":"오늘은 신체적, 정신적으로 활력이 넘치는 날입니다. 이 기운을 활용하여 건강한 생활 습관을 만들어보세요."},
  {"idx":248,"fortune":"규칙적인 운동과 균형 잡힌 식습관이 당신의 건강을 한층 더 향상시킬 것입니다. 오늘부터 작은 변화를 시작하세요."},
  {"idx":249,"fortune":"신선한 공기와 자연 속에서 시간을 보내는 것이 건강에 큰 도움이 됩니다. 야외 활동을 계획해 보세요."},
  {"idx":250,"fortune":"오늘은 스트레스를 해소하고 정신적 안정을 찾기 좋은 날입니다. 명상이나 요가 같은 활동을 통해 평온을 느껴보세요."},
  {"idx":251,"fortune":"당신의 건강한 라이프스타일이 주변 사람들에게도 긍정적인 영향을 미칩니다. 함께 건강한 활동을 즐겨보세요."},
  {"idx":252,"fortune":"적절한 수면은 건강을 유지하는 데 매우 중요합니다. 오늘 밤은 편안한 수면을 위해 노력해보세요."},
  {"idx":253,"fortune":"소소한 건강 관리가 큰 변화를 가져옵니다. 오늘 하루 수분 섭취에 더 신경 쓰는 것만으로도 건강에 도움이 될 것입니다."},
  {"idx":254,"fortune":"당신의 몸이 필요로 하는 것에 더욱 집중하세요. 건강을 위해 잠시 쉬어가는 시간을 가지는 것도 중요합니다."},
  {"idx":255,"fortune":"건강한 식단이 당신의 에너지와 활력을 높여줍니다. 오늘은 신선한 과일과 채소를 더 많이 섭취해보세요."},
  {"idx":256,"fortune":"평소보다 가벼운 신체 활동을 통해 활력을 얻을 수 있는 날입니다. 산책이나 가벼운 조깅으로 하루를 시작해보세요."},
  {"idx":257,"fortune":"정신적 건강도 신체적 건강만큼 중요합니다. 긍정적인 사고와 마음가짐을 유지하여 스트레스를 관리하세요."},
  {"idx":258,"fortune":"오늘은 자기 관리에 좀 더 시간을 투자하는 것이 좋습니다. 피부 관리나 휴식과 같은 활동으로 자신을 돌보세요."},
  {"idx":259,"fortune":"당신의 건강한 노력이 결실을 맺기 시작합니다. 지속적인 관리가 건강한 삶의 기반임을 기억하세요."},
  {"idx":260,"fortune":"소중한 사람과 함께하는 운동이나 활동은 건강을 증진시키는 동시에 관계도 돈독하게 만듭니다. 함께할 수 있는 활동을 찾아보세요."},
  {"idx":261,"fortune":"오늘은 긍정적인 사고방식을 유지하는 것이 중요합니다. 주변에 푸른색 아이템을 두면 마음의 평온을 유지하는 데 도움이 될 것입니다."},
  {"idx":262,"fortune":"평소 하지 않던 활동에 도전함으로써 새로운 관점과 아이디어를 얻을 수 있습니다. 밝은 색상의 옷을 입으면 새로운 활동에 대한 자신감을 더해줄 것입니다."},
  {"idx":263,"fortune":"작은 친절이 큰 행복으로 돌아올 것입니다. 녹색 식물을 사무실이나 집에 두면 긍정적인 분위기를 조성하는 데 도움이 됩니다."},
  {"idx":264,"fortune":"집중력이 필요한 작업을 할 때는 붉은색 소품을 활용해보세요. 붉은색은 집중력을 높이고 열정을 북돋우는 데 효과적입니다."},
  {"idx":265,"fortune":"명확하고 긍정적인 대화는 관계를 한층 더 돈독하게 만들 것입니다. 파스텔 톤의 액세서리를 착용하면 대화의 분위기를 부드럽게 만드는 데 도움이 됩니다."},
  {"idx":266,"fortune":"창의력이 필요한 일에는 보라색 아이템을 활용해보세요. 보라색은 창의성을 자극하고 예술적인 영감을 줄 수 있습니다."},
  {"idx":267,"fortune":"새로운 정보를 습득하거나 학습에 몰두하는 것이 좋은 날입니다. 학습을 돕는 파란색 노트나 필기구를 사용해보세요."},
  {"idx":268,"fortune":"오늘은 건강을 위해 녹색 채소를 더 많이 섭취하는 것이 좋습니다. 신선한 채소는 몸을 상쾌하게 해주고 활력을 더해줍니다."},
  {"idx":269,"fortune":"휴식이 필요한 시간입니다. 부드러운 색상의 쿠션 또는 담요를 사용하면 편안한 휴식을 취하는 데 도움이 될 것입니다."},
  {"idx":270,"fortune":"평소보다 자신감이 필요한 일이 있다면, 붉은색 소품을 활용하는 것이 좋습니다."},
  {"idx":271,"fortune":"오늘은 자연과 가까워지는 것이 좋습니다. 숲이나 공원을 산책하며 자연의 에너지를 느껴보세요. 녹색과 갈색의 아이템을 사용하면 자연과의 교감을 돕는 데 효과적입니다."},
  {"idx":272,"fortune":"이룬 성과에 대해 스스로를 칭찬하고 보상해 주세요. 금색 소품을 사용하면 성취감을 더욱 빛나게 해줄 것입니다."},
  {"idx":273,"fortune":"가벼운 산책이나 요가로 하루를 시작해 보세요. 밝은 파란색 의류를 입으면 활동적인 기분을 더욱 고취시킬 수 있습니다."},
  {"idx":274,"fortune":"오늘은 평소보다 많은 물을 마시는 것이 좋습니다. 투명하거나 파란색의 물병을 사용하면 마시는 물의 양을 늘리는 데 도움이 됩니다."},
  {"idx":275,"fortune":"새로운 책을 읽거나 문화생활을 즐기는 것이 좋은 날입니다. 붉은색 북마크를 사용하면 읽는 즐거움이 더해질 것입니다."},
  {"idx":276,"fortune":"명상이나 일기 쓰기를 통해 자신과 대화해 보세요. 연한 녹색이나 베이지색의 아이템을 사용하면 평온한 분위기를 조성하는 데 도움이 됩니다."},
  {"idx":277,"fortune":"집안 정리를 통해 마음의 정리도 함께 이루어지는 날입니다. 밝은 색상의 정리함을 사용하면 정리하는 데 효과적입니다."}
]