[
  {"name":"name","item":"김치찌개"},
  {"name":"name","item":"된장찌개"},
  {"name":"name","item":"삼겹살 구이"},
  {"name":"name","item":"비빔밥"},
  {"name":"name","item":"순두부찌개"},
  {"name":"name","item":"치즈케이크"},
  {"name":"name","item":"마카롱"},
  {"name":"name","item":"티라미수"},
  {"name":"name","item":"아이스크림"},
  {"name":"name","item":"과일타르트"},
  {"name":"name","item":"갈비탕"},
  {"name":"name","item":"불고기"},
  {"name":"name","item":"해물파전"},
  {"name":"name","item":"제육볶음"},
  {"name":"name","item":"닭갈비"},
  {"name":"name","item":"육회"},
  {"name":"name","item":"갈치조림"},
  {"name":"name","item":"알탕"},
  {"name":"name","item":"족발"},
  {"name":"name","item":"보쌈"},
  {"name":"name","item":"닭도리탕"},
  {"name":"name","item":"해물탕"},
  {"name":"name","item":"감자탕"},
  {"name":"name","item":"돌솥밥"},
  {"name":"name","item":"오리로스"},
  {"name":"name","item":"훈제오리"},
  {"name":"name","item":"돈까스"},
  {"name":"name","item":"카레라이스"},
  {"name":"name","item":"오므라이스"},
  {"name":"name","item":"스테이크"},
  {"name":"name","item":"리조또"},
  {"name":"name","item":"파스타"},
  {"name":"name","item":"피자"},
  {"name":"name","item":"햄버거"},
  {"name":"name","item":"샌드위치"},
  {"name":"name","item":"샐러드"},
  {"name":"name","item":"크로플"},
  {"name":"name","item":"에그타르트"},
  {"name":"name","item":"팬케이크"},
  {"name":"name","item":"와플"},
  {"name":"name","item":"브라우니"},
  {"name":"name","item":"도넛"},
  {"name":"name","item":"슈크림"},
  {"name":"name","item":"젤라토"},
  {"name":"name","item":"빙수"},
  {"name":"name","item":"요거트"},
  {"name":"name","item":"푸딩"},
  {"name":"name","item":"케익 롤"},
  {"name":"name","item":"밀크티"},
  {"name":"name","item":"스무디"},
  {"name":"name","item":"프루트 파르페"},
  {"name":"name","item":"초콜릿"},
  {"name":"name","item":"쿠키"},
  {"name":"name","item":"마들렌"},
  {"name":"name","item":"캐러멜"},
  {"name":"name","item":"무스 케이크"},
  {"name":"name","item":"에클레어"},
  {"name":"name","item":"프렌치 토스트"},
  {"name":"name","item":"크레페"},
  {"name":"name","item":"한우불고기"},
  {"name":"name","item":"고등어구이"},
  {"name":"name","item":"된장국"},
  {"name":"name","item":"닭볶음탕"},
  {"name":"name","item":"김치전"},
  {"name":"name","item":"빈대떡"},
  {"name":"name","item":"콩나물국밥"},
  {"name":"name","item":"설렁탕"},
  {"name":"name","item":"돼지국밥"},
  {"name":"name","item":"순대국밥"},
  {"name":"name","item":"곱창전골"},
  {"name":"name","item":"떡국"},
  {"name":"name","item":"만두국"},
  {"name":"name","item":"육개장"},
  {"name":"name","item":"닭강정"},
  {"name":"name","item":"약초비빔밥"},
  {"name":"name","item":"오징어볶음"},
  {"name":"name","item":"낙지볶음"},
  {"name":"name","item":"계란찜"},
  {"name":"name","item":"갈비찜"},
  {"name":"name","item":"돌솥비빔밥"},
  {"name":"name","item":"청국장찌개"},
  {"name":"name","item":"통닭구이"},
  {"name":"name","item":"북엇국"},
  {"name":"name","item":"아귀찜"},
  {"name":"name","item":"소고기미역국"},
  {"name":"name","item":"대게찜"},
  {"name":"name","item":"오리탕"},
  {"name":"name","item":"한방오리백숙"},
  {"name":"name","item":"해물순두부찌개"},
  {"name":"name","item":"고추장아찌"},
  {"name":"name","item":"된장아찌"},
  {"name":"name","item":"깻잎장아찌"},
  {"name":"name","item":"감자채볶음"},
  {"name":"name","item":"고사리나물"},
  {"name":"name","item":"시금치나물"},
  {"name":"name","item":"무생채"},
  {"name":"name","item":"오이소박이"},
  {"name":"name","item":"콩자반"},
  {"name":"name","item":"김구이"},
  {"name":"name","item":"카프레제 샐러드"},
  {"name":"name","item":"치즈 퐁듀"},
  {"name":"name","item":"시저 샐러드"},
  {"name":"name","item":"코코뱅"},
  {"name":"name","item":"라따뚜이"},
  {"name":"name","item":"부야베스"},
  {"name":"name","item":"오소 부코"},
  {"name":"name","item":"피시 앤 칩스"},
  {"name":"name","item":"비프 웰링턴"},
  {"name":"name","item":"토마호크 스테이크"},
  {"name":"name","item":"로브스터 비스크"},
  {"name":"name","item":"가스파초"},
  {"name":"name","item":"밀푀유 나베"},
  {"name":"name","item":"그릴드 샐몬"},
  {"name":"name","item":"클램 차우더"},
  {"name":"name","item":"레몬 버터 치킨"},
  {"name":"name","item":"치킨 마르살라"},
  {"name":"name","item":"바비큐 리브스"},
  {"name":"name","item":"스페인 오믈렛"},
  {"name":"name","item":"머쉬룸 파스타"},
  {"name":"name","item":"프랑스 양파 수프"},
  {"name":"name","item":"냉파스타 샐러드"},
  {"name":"name","item":"알리오 올리오"},
  {"name":"name","item":"새우 리조또"},
  {"name":"name","item":"트러플 오일 파스타"},
  {"name":"name","item":"바질 페스토 파스타"},
  {"name":"name","item":"퀴노아 샐러드"},
  {"name":"name","item":"크로크 무슈"},
  {"name":"name","item":"크로크 마담"},
  {"name":"name","item":"포크 슈니첼"},
  {"name":"name","item":"에그 베네딕트"},
  {"name":"name","item":"스테이크 타르타르"},
  {"name":"name","item":"치킨 시저랩"},
  {"name":"name","item":"브루스케타"},
  {"name":"name","item":"로스트 치킨"},
  {"name":"name","item":"가리비 그라탕"},
  {"name":"name","item":"우나기 돈부리"},
  {"name":"name","item":"오야코 돈부리"},
  {"name":"name","item":"카츠돈"},
  {"name":"name","item":"규동"},
  {"name":"name","item":"텐동"},
  {"name":"name","item":"소바"},
  {"name":"name","item":"우동"},
  {"name":"name","item":"라멘"},
  {"name":"name","item":"온센 타마고"},
  {"name":"name","item":"오코노미야키"},
  {"name":"name","item":"타코야키"},
  {"name":"name","item":"야키소바"},
  {"name":"name","item":"쿠시카츠"},
  {"name":"name","item":"나베"},
  {"name":"name","item":"시라스 돈부리"},
  {"name":"name","item":"이나리 스시"},
  {"name":"name","item":"닛코 돈부리"},
  {"name":"name","item":"야키니쿠"},
  {"name":"name","item":"초밥"},
  {"name":"name","item":"사시미"},
  {"name":"name","item":"차완무시"},
  {"name":"name","item":"미소 시루"},
  {"name":"name","item":"츠케멘"},
  {"name":"name","item":"규카츠"},
  {"name":"name","item":"오뎅"},
  {"name":"name","item":"테코마키"},
  {"name":"name","item":"후토마키"},
  {"name":"name","item":"우메보시"},
  {"name":"name","item":"모치"},
  {"name":"name","item":"다이후쿠"},
  {"name":"name","item":"도라야키"},
  {"name":"name","item":"카스테라"},
  {"name":"name","item":"아나고"},
  {"name":"name","item":"타마고야키"},
  {"name":"name","item":"우니"},
  {"name":"name","item":"타코"},
  {"name":"name","item":"히야시츄카"},
  {"name":"name","item":"마파두부"},
  {"name":"name","item":"꿔바로우"},
  {"name":"name","item":"유산슬"},
  {"name":"name","item":"팔보채"},
  {"name":"name","item":"양장피"},
  {"name":"name","item":"탕수육"},
  {"name":"name","item":"라조기"},
  {"name":"name","item":"딤섬"},
  {"name":"name","item":"샤오롱바오"},
  {"name":"name","item":"훠궈"},
  {"name":"name","item":"마라샹궈"},
  {"name":"name","item":"마라반"},
  {"name":"name","item":"마라탕"},
  {"name":"name","item":"중화 비빔밥"},
  {"name":"name","item":"짬뽕"},
  {"name":"name","item":"짜장면"},
  {"name":"name","item":"볶음밥"},
  {"name":"name","item":"멘보샤"},
  {"name":"name","item":"고추잡채"},
  {"name":"name","item":"양꼬치"},
  {"name":"name","item":"피쉬볼 수프"},
  {"name":"name","item":"베이징 덕"},
  {"name":"name","item":"동파육"},
  {"name":"name","item":"바삭한 새우"},
  {"name":"name","item":"새우 볶음밥"},
  {"name":"name","item":"매운 새우"},
  {"name":"name","item":"치킨 카슈"},
  {"name":"name","item":"소고기 볶음"},
  {"name":"name","item":"마늘 쫑 볶음"},
  {"name":"name","item":"두부 시금치 수프"},
  {"name":"name","item":"마늘 볶음밥"},
  {"name":"name","item":"중국식 스팸"},
  {"name":"name","item":"사천식 닭고기"},
  {"name":"name","item":"육포"},
  {"name":"name","item":"고추 기름 소스"},
  {"name":"name","item":"중국식 피자"},
  {"name":"name","item":"봉초밥"},
  {"name":"name","item":"단호박죽"},
  {"name":"name","item":"중국식 감자탕"},
  {"name":"name","item":"중국식 달걀볶음밥"},
  {"name":"name","item":"중국식 미트볼"},
  {"name":"name","item":"중국식 치킨 너겟"},
  {"name":"name","item":"사천식 볶음 면"},
  {"name":"name","item":"오징어 순대"},
  {"name":"name","item":"펑리수"},
  {"name":"name","item":"레몬 타르트"},
  {"name":"name","item":"오렌지 셔벗"},
  {"name":"name","item":"베리 요거트 스무디"},
  {"name":"name","item":"블랙 포레스트 케이크"},
  {"name":"name","item":"페칸 파이"},
  {"name":"name","item":"라즈베리 마카롱"},
  {"name":"name","item":"키위 소르베"},
  {"name":"name","item":"바닐라 빈 판나코타"},
  {"name":"name","item":"아포가토"},
  {"name":"name","item":"코코넛 무스"},
  {"name":"name","item":"애플 크럼블"},
  {"name":"name","item":"블루베리 체즈케이크"},
  {"name":"name","item":"바나나 푸딩"},
  {"name":"name","item":"레드 벨벳 케이크"},
  {"name":"name","item":"커피 젤라토"},
  {"name":"name","item":"멜론 판나코타"},
  {"name":"name","item":"알몬드 피낭시에"},
  {"name":"name","item":"차이 티 케이크"},
  {"name":"name","item":"레몬 머랭 파이"},
  {"name":"name","item":"밀크 티 바블티"},
  {"name":"name","item":"헤이즐넛 쇼콜라"},
  {"name":"name","item":"코코넛 레이어 케이크"},
  {"name":"name","item":"망고 라시"},
  {"name":"name","item":"피넛 버터 쿠키"},
  {"name":"name","item":"말차 롤 케이크"},
  {"name":"name","item":"진저브레드 쿠키"},
  {"name":"name","item":"코튼 캔디"},
  {"name":"name","item":"루바브 파이"},
  {"name":"name","item":"소르테른 와인 젤리"},
  {"name":"name","item":"블랙커런트 파르페"},
  {"name":"name","item":"와인 포아치드 페어"},
  {"name":"name","item":"살구 타르트"},
  {"name":"name","item":"녹차 빙수"},
  {"name":"name","item":"수박 셔벗"},
  {"name":"name","item":"패션프루트 무스"},
  {"name":"name","item":"자몽 젤라토"},
  {"name":"name","item":"페퍼민트 티"},
  {"name":"name","item":"자스민 차"},
  {"name":"name","item":"얼그레이 밀크티"},
  {"name":"name","item":"라벤더 라떼"},
  {"name":"name","item":"아이스 아메리카노"},
  {"name":"name","item":"핫 초콜릿"},
  {"name":"name","item":"그린 애플 소다"},
  {"name":"name","item":"블루베리 스무디"},
  {"name":"name","item":"오렌지 주스"},
  {"name":"name","item":"토마토 주스"},
  {"name":"name","item":"당근 주스"},
  {"name":"name","item":"수박 주스"},
  {"name":"name","item":"바질 레모네이드"},
  {"name":"name","item":"진저 에일"},
  {"name":"name","item":"루비 자몽 에이드"},
  {"name":"name","item":"마키아토"},
  {"name":"name","item":"코코넛 워터"},
  {"name":"name","item":"엘더플라워 코디얼"},
  {"name":"name","item":"비트 루트 라떼"},
  {"name":"name","item":"터메릭 라떼"},
  {"name":"name","item":"매실차"},
  {"name":"name","item":"쑥 라떼"},
  {"name":"name","item":"블랙베리 코블러"},
  {"name":"name","item":"체리 콜라"},
  {"name":"name","item":"피치 아이스티"},
  {"name":"name","item":"스파클링 유자"},
  {"name":"name","item":"아이스 밀크"},
  {"name":"name","item":"커피 프라페"},
  {"name":"name","item":"모카 프라페"},
  {"name":"name","item":"그린티 프라페"},
  {"name":"name","item":"피나 콜라다"},
  {"name":"name","item":"카페 비엔나"},
  {"name":"name","item":"아폴로나이저"},
  {"name":"name","item":"오렌지 블라썸"},
  {"name":"name","item":"핑크 모히토"},
  {"name":"name","item":"큐브라 리브레"},
  {"name":"name","item":"블랙 러시안"},
  {"name":"name","item":"화이트 러시안"},
  {"name":"name","item":"자몽 토닉"},
  {"name":"name","item":"키위 쿨러"},
  {"name":"name","item":"석류 모히토"},
  {"name":"name","item":"바닐라 라떼"},
  {"name":"name","item":"카라멜 마끼아또"},
  {"name":"name","item":"홈런볼"},
  {"name":"name","item":"꼬깔콘"},
  {"name":"name","item":"초코파이"},
  {"name":"name","item":"칸쵸"},
  {"name":"name","item":"마가렛트"},
  {"name":"name","item":"버터링"},
  {"name":"name","item":"허니버터칩"},
  {"name":"name","item":"오예스"},
  {"name":"name","item":"몽쉘"},
  {"name":"name","item":"죠리퐁"},
  {"name":"name","item":"빼빼로"},
  {"name":"name","item":"뽀또"},
  {"name":"name","item":"초코송이"},
  {"name":"name","item":"오징어땅콩"},
  {"name":"name","item":"새우깡"},
  {"name":"name","item":"감자깡"},
  {"name":"name","item":"콘칩"},
  {"name":"name","item":"포카칩"},
  {"name":"name","item":"고래밥"},
  {"name":"name","item":"아몬드 빼빼로"},
  {"name":"name","item":"후라보노"},
  {"name":"name","item":"크라운 산도"},
  {"name":"name","item":"카스타드"},
  {"name":"name","item":"쿠크다스"},
  {"name":"name","item":"맛동산"},
  {"name":"name","item":"자갈치"},
  {"name":"name","item":"초코하임"},
  {"name":"name","item":"양파링"},
  {"name":"name","item":"프링글스"},
  {"name":"name","item":"누네띠네"},
  {"name":"name","item":"로아커"},
  {"name":"name","item":"쿠크레"},
  {"name":"name","item":"프레첼"},
  {"name":"name","item":"진라면 스낵"},
  {"name":"name","item":"해태 구운감자"},
  {"name":"name","item":"오리온 포카칩"},
  {"name":"name","item":"오예스 미니"},
  {"name":"name","item":"아이비"},
  {"name":"name","item":"리얼브라우니"},
  {"name":"name","item":"화이트하임"},
  {"name":"name","item":"빅파이"},
  {"name":"name","item":"신라면"},
  {"name":"name","item":"안성탕면"},
  {"name":"name","item":"진라면 매운맛"},
  {"name":"name","item":"진라면 순한맛"},
  {"name":"name","item":"너구리"},
  {"name":"name","item":"짜파게티"},
  {"name":"name","item":"사리곰탕"},
  {"name":"name","item":"육개장 사발면"},
  {"name":"name","item":"컵라면"},
  {"name":"name","item":"불닭볶음면"},
  {"name":"name","item":"치즈불닭볶음면"},
  {"name":"name","item":"삼양라면"},
  {"name":"name","item":"김치라면"},
  {"name":"name","item":"해물라면"},
  {"name":"name","item":"쇠고기면"},
  {"name":"name","item":"얼큰한라면"},
  {"name":"name","item":"팔도비빔면"},
  {"name":"name","item":"팔도왕뚜껑"},
  {"name":"name","item":"틈새라면"},
  {"name":"name","item":"무파마"},
  {"name":"name","item":"스낵면"},
  {"name":"name","item":"볶음너구리"},
  {"name":"name","item":"짜왕"},
  {"name":"name","item":"열무비빔면"},
  {"name":"name","item":"맛있는라면"},
  {"name":"name","item":"순한너구리"},
  {"name":"name","item":"매운신라면"},
  {"name":"name","item":"메로나"},
  {"name":"name","item":"비비빅"},
  {"name":"name","item":"죠스바"},
  {"name":"name","item":"빵빠레"},
  {"name":"name","item":"슈퍼콘"},
  {"name":"name","item":"투게더"},
  {"name":"name","item":"돼지바"},
  {"name":"name","item":"월드콘"},
  {"name":"name","item":"누가바"},
  {"name":"name","item":"탱크보이"},
  {"name":"name","item":"쌍쌍바"},
  {"name":"name","item":"폴라포"},
  {"name":"name","item":"오레오 콘"},
  {"name":"name","item":"부라보콘"},
  {"name":"name","item":"아맛나"},
  {"name":"name","item":"구구콘"},
  {"name":"name","item":"바밤바"},
  {"name":"name","item":"와일드바디"},
  {"name":"name","item":"크런키"},
  {"name":"name","item":"초코우유바"},
  {"name":"name","item":"피노"},
  {"name":"name","item":"스크류바"},
  {"name":"name","item":"요맘때"}
]